26,99,99,99,99,-1.65,99,-0.78,6.89,99,99,99,99,-2.57,99,-1.31,-0.19,-5.97,2.96,-0.29,1.17,99,99,99,99,99,99,1.55,99,-2.23,99,0.15,6.26,99,99,1.26,1.26,99,99,99,99,99,99,-7.52,-5.87,99,99,99,-8.2,99,4.42,99,99,-3.98,99,99,99,99,99,99,99,99,3.5,99,99,99,-2.14,2.23,-2.91,99,99,99,99,99,1.36,99,99,99,99,99,99,99,99,99,99,99,99,99,99,99,99,99,99,99,99,99,99,99,99,99,99
33,99,99,99,99,-9.27,99,-9.17,-8.59,99,99,99,99,-8.59,99,-8.59,-2.67,-8.59,-1.6,-6.41,-4.71,-9.66,99,99,99,99,99,-4.85,-7.82,-9.47,99,-9.56,-1.55,99,99,-9.47,-5.34,99,-6.21,99,99,99,-9.56,99,99,99,-9.71,99,-9.71,-7.67,-3.59,99,99,-6.36,-9.66,99,-5.58,99,99,99,99,99,-3.45,99,99,-7.18,-7.67,99,-1.65,-8.54,99,99,99,99,99,99,99,99,99,99,99,99,99,99,99,99,99,99,99,99,99,99,99,-2.77,99,99,99,99,99,99,99
16,99,99,99,99,-6.12,99,-7.48,-7.77,99,99,99,99,-6.89,99,-6.12,-6.12,-1.99,-6.12,-7.82,-7.48,99,99,99,99,99,99,99,99,99,99,99,99,99,99,99,-6.65,99,99,99,99,99,99,99,99,99,99,99,99,99,99,99,99,99,99,99,99,99,99,99,-7.72,99,99,99,-7.48,99,99,99,99,99,-7.67,99,99,99,99,99,-7.72,99,99,99,99,99,99,99,-7.72,99,99,99,99,99,99,99,99,99,99,99,99,99,99,99,99
24,99,0.05,99,99,-2.82,99,-4.85,-0.87,99,99,99,99,2.77,99,-3.69,1.46,0.39,3.4,-4.17,3.06,99,99,99,99,99,99,3.01,99,-0.83,99,99,-5.15,99,99,-2.77,-1.8,99,99,99,99,99,99,99,99,99,99,99,99,99,-1.8,99,99,-3.3,99,99,2.67,99,99,99,99,99,-1.8,99,99,99,99,99,-2.86,99,99,99,99,99,99,99,99,2.86,99,99,99,99,99,99,99,99,99,99,99,99,99,99,99,99,99,1.84,99,99,99,-4.08,99
22,99,99,99,99,-4.95,99,6.21,2.72,99,-8.59,99,99,6.07,99,6.89,-7.67,-3.93,-5.63,-7.23,7.77,99,99,99,99,99,99,-7.48,99,8.93,99,99,8.11,99,99,7.57,-5.73,99,99,8.83,99,99,8.74,99,99,99,6.21,99,99,99,8.98,99,99,99,99,99,99,99,99,99,99,3.16,99,99,99,99,99,99,99,99,99,8.35,99,99,99,99,99,99,99,99,99,99,99,99,99,99,99,99,99,99,99,99,99,99,99,99,99,99,99,99,99
26,99,99,99,99,3.11,99,4.42,1.41,99,99,99,99,1.5,99,6.94,5.83,2.23,0.87,0.05,3.59,99,99,99,99,99,5.19,6.12,99,2.77,99,99,4.27,99,99,7.43,99,99,99,99,99,99,99,99,99,99,6.36,99,6.94,99,6.55,99,99,3.16,99,99,99,99,99,99,99,7.77,6.75,99,99,99,7.43,99,99,99,99,99,99,99,99,4.56,99,99,99,99,99,99,99,99,99,99,99,4.56,99,4.27,99,99,99,99,99,99,4.47,99,99,99,99
17,99,99,99,99,-0.05,99,-8.11,-7.38,99,99,99,99,0.29,99,-7.33,-7.96,-6.89,-6.84,-6.17,-6.75,99,99,99,99,99,99,99,99,0.97,99,99,99,99,99,99,99,99,99,99,99,99,99,-6.7,99,-6.46,99,99,99,99,99,99,99,-8.69,99,99,0.44,99,99,99,99,99,99,99,99,99,99,99,99,99,99,99,99,99,99,99,99,99,99,99,99,99,99,99,99,99,99,99,99,99,99,99,99,-2.38,99,99,-1.84,99,99,99,99
26,99,99,99,99,6.8,99,-2.38,-7.82,99,99,99,99,2.43,99,-0.19,-3.98,-7.62,6.55,7.38,-1.6,1.7,99,99,99,99,99,5.24,5.24,4.08,99,99,4.95,99,99,5.39,6.21,99,3.01,99,99,99,99,99,99,99,99,99,99,3.11,6.26,99,99,4.85,99,99,3.11,99,99,99,99,99,4.95,99,99,99,6.7,99,2.82,99,99,99,99,99,99,99,99,99,99,99,7.04,99,99,99,99,99,99,99,99,99,99,99,99,99,99,99,99,99,99,99,99
33,8.2,8.35,99,99,3.06,99,-6.89,-9.76,99,99,99,99,-9.56,99,-9.42,-9.37,-9.22,6.94,-8.54,-5.29,8.2,99,99,99,99,2.38,7.43,99,8.83,99,99,-1.6,99,8.2,7.77,7.77,99,99,99,99,99,99,99,99,99,8.25,99,6.5,-0.97,8.16,99,99,8.83,99,99,99,99,99,99,99,99,-3.45,99,99,-0.1,-4.66,99,0.49,7.82,99,99,99,99,99,99,99,99,99,99,1.17,99,99,99,99,99,99,99,-6.89,99,99,99,99,99,99,99,99,99,99,-9.9,99
25,99,99,99,99,3.06,99,0.15,8.98,99,99,99,99,-0.73,99,8.59,8.59,1.46,1.55,-2.62,-7.86,7.48,99,99,99,99,99,-9.08,9.17,-0.83,99,99,6.21,99,99,6.26,99,99,99,99,99,99,99,99,99,99,99,99,8.2,5.73,99,99,99,0.73,99,99,99,99,99,0.1,99,99,8.83,99,99,99,99,-3.4,5.39,99,99,99,99,99,99,-8.45,99,99,99,99,99,99,99,8.25,99,99,99,99,99,99,99,99,99,99,99,99,99,99,99,99,99
30,99,99,99,99,-8.93,99,5,6.21,99,99,99,99,-9.51,99,5.73,6.55,-0.39,1.5,2.09,5.63,-6.21,99,99,99,99,99,6.89,99,1.7,99,-8.11,6.21,99,99,-0.39,7.57,99,99,99,99,99,99,99,99,99,99,99,99,1.6,5.78,99,-7.28,0.87,99,99,99,-5.78,99,99,-1.7,3.06,0.73,99,99,-2.96,-0.53,99,5.73,4.47,99,99,99,99,99,99,99,99,99,99,99,99,99,99,99,99,99,99,99,99,99,99,99,99,3.5,99,99,99,99,99,99
18,99,99,99,99,6.31,99,-1.02,-6.55,99,99,99,99,-6.26,99,-0.19,-7.82,-1.5,-8.01,-0.78,-9.22,99,99,99,99,99,99,7.18,99,99,99,99,-0.29,99,99,99,99,99,99,99,99,99,99,99,-6.41,99,99,99,7.57,99,99,99,99,9.13,99,99,99,99,99,99,99,99,99,99,99,99,99,99,99,99,-6.41,99,99,99,99,99,99,99,99,99,99,99,99,99,99,99,99,7.09,99,99,-0.87,99,99,99,99,99,99,99,99,99,99
27,99,99,99,99,-0.29,99,-3.2,-0.29,99,99,99,99,-5.92,99,4.56,-4.76,-0.29,1.07,1.65,-0.29,-0.29,99,99,99,99,1.46,99,99,2.62,99,99,1.07,99,99,4.17,5.73,99,99,99,99,99,99,99,-6.31,99,99,99,99,2.62,-0.29,99,99,5.73,5.73,99,99,99,99,99,99,99,5.73,99,99,99,4.17,99,2.62,99,99,99,99,99,99,4.76,99,1.65,99,99,99,99,99,99,-4.76,99,99,99,99,99,99,99,99,99,99,99,99,99,99,99,99
16,99,99,99,99,-8.54,99,-4.61,-0.1,99,99,99,99,-9.51,99,-9.51,-9.13,-7.86,1.94,-6.02,-8.45,99,99,99,99,99,99,99,99,6.89,99,99,99,99,99,99,99,99,99,99,99,99,99,99,99,99,99,99,99,99,99,99,99,2.18,99,99,99,99,99,99,99,99,99,99,99,99,99,99,99,99,99,-7.23,99,99,99,99,99,99,99,99,99,99,99,-6.94,99,99,1.84,99,99,99,99,99,99,99,99,99,99,99,-1.17,99,99
16,99,99,99,99,2.33,99,5.87,0.87,99,99,99,99,9.17,99,-4.85,-4.32,-4.47,9.17,7.09,5,99,99,99,99,99,99,99,99,99,99,99,99,99,99,99,99,99,99,99,99,99,0.34,99,99,99,99,99,99,99,9.08,99,99,99,99,99,99,99,99,99,99,99,4.56,99,99,99,99,99,99,99,99,2.72,99,99,99,99,3.83,99,99,99,99,99,9.13,99,99,99,99,99,99,99,99,99,99,99,99,99,99,99,99,99,99
33,99,99,99,99,-9.9,99,-2.48,-9.95,99,99,99,99,-9.71,99,6.7,1.07,1.26,5.15,3.83,5.15,-9.66,99,99,99,1.07,99,99,99,5.34,99,-9.66,3.4,99,99,8.64,6.26,99,-4.81,1.02,99,99,99,99,99,99,-5.63,99,3.79,-6.65,2.43,99,99,1.21,-9.42,99,-4.08,99,99,99,99,99,2.09,99,99,99,1.94,-2.43,-3.16,5.39,99,99,99,99,99,99,99,99,99,99,99,99,99,99,99,99,99,99,99,99,99,99,99,99,99,99,-3.45,-6.46,99,99,99
20,99,99,99,99,-4.03,99,3.4,-0.15,99,99,99,99,0.15,99,-1.17,-2.52,-0.15,-4.56,3.01,3.4,99,99,99,99,99,99,-0.1,99,99,99,99,-2.28,99,99,-2.38,99,99,99,99,3.4,99,99,99,99,99,99,99,99,99,3.4,99,99,0.29,3.4,99,99,99,99,99,99,99,2.82,99,99,99,99,99,3.4,99,99,99,99,99,99,99,99,3.4,99,99,99,99,99,99,99,99,99,99,99,99,99,99,99,99,99,99,99,99,99,99,99
28,99,99,99,99,2.72,99,-4.95,0.63,99,99,99,99,-5.49,99,-1.8,-3.74,-1.65,-3.01,-2.18,-3.98,-0.44,99,99,99,99,99,0.63,1.26,-2.33,99,99,1.41,99,99,0.53,-0.73,99,99,99,-3.25,99,1.17,99,99,99,99,99,-4.27,2.04,2.96,99,99,0.44,99,99,99,99,99,-4.03,99,99,99,99,99,99,-3.06,99,-0.68,-2.18,99,99,99,99,99,99,99,99,99,99,99,99,99,99,99,99,99,99,-4.03,99,99,99,99,99,99,99,99,99,99,99,99
17,99,99,99,99,-0.87,99,-0.34,-1.31,99,99,99,99,-1.5,99,-1.5,-1.5,0.15,-0.83,-0.78,-0.78,99,99,99,99,99,99,99,99,99,99,99,-3.45,99,99,0.97,99,99,99,99,0.97,99,99,99,99,99,99,99,99,99,1.5,99,99,99,99,99,99,99,99,99,99,99,2.14,0.97,99,99,99,99,99,99,99,99,99,99,99,99,99,99,99,99,99,99,99,99,99,99,99,-4.47,99,99,99,99,99,99,99,99,99,99,99,99,99
22,99,99,99,99,6.84,99,-7.14,-8.35,99,99,99,99,-6.31,99,5.49,-7.77,-8.3,7.52,7.33,7.86,99,99,99,99,99,99,7.82,99,99,99,99,-7.52,99,99,8.35,-7.62,99,99,99,99,99,99,99,99,99,99,99,99,99,6.5,99,99,5.63,99,99,8.11,99,8.69,99,99,99,6.6,99,99,6.65,7.77,99,99,99,99,99,99,99,99,99,99,99,99,99,99,99,99,99,99,99,99,99,99,99,99,99,99,7.48,99,99,99,99,99,99,99
34,99,-9.51,99,99,-2.62,99,6.12,-8.11,99,-8.3,99,99,-4.95,99,-3.16,-7.52,1.94,-1.5,2.96,3.5,99,99,99,99,99,99,-9.03,99,-6.41,99,-9.27,-3.2,99,99,-9.13,5.73,-3.06,99,99,-8.93,99,99,99,99,8.06,9.03,99,7.57,6.17,-8.2,99,99,8.4,-6.75,99,8.5,99,99,99,99,99,6.84,99,99,8.2,7.62,99,-0.24,8.54,99,99,99,99,99,99,99,99,99,99,99,99,99,99,99,7.91,99,99,99,99,99,99,99,99,99,99,99,99,99,99,99
35,99,99,99,99,4.37,99,-0.83,-1.07,99,99,99,99,1.31,99,-1.7,-0.19,1.36,3.93,2.48,-0.49,8.54,99,99,99,99,99,7.33,99,2.82,99,8.74,2.18,99,99,7.52,7.09,99,99,99,99,99,9.08,99,-0.19,99,99,99,0.68,8.35,8.74,99,99,6.89,7.77,99,8.64,99,99,99,99,6.41,1.99,99,99,8.98,5.24,99,4.76,7.14,99,99,99,99,99,99,99,0.49,99,99,99,99,99,99,99,99,99,4.42,99,99,99,99,99,99,0.34,99,-0.19,99,99,99,99
29,99,99,99,99,7.77,99,-7.67,-5.87,99,99,99,99,7.91,99,1.02,-6.65,-1.36,-9.08,2.09,-0.87,6.8,99,99,99,99,5.1,4.85,99,7.72,99,9.13,-9.51,99,99,3.3,9.08,99,99,99,99,99,99,99,99,99,99,99,99,99,4.37,99,99,8.11,99,99,99,99,99,4.95,99,8.3,8.69,-5.78,99,2.67,7.57,99,4.51,9.03,99,99,99,99,99,99,99,99,99,99,99,99,99,99,99,99,99,99,99,99,99,99,99,99,99,99,99,99,99,-8.3,99
34,99,99,99,99,-7.43,99,-7.09,-0.29,99,99,99,99,-6.99,99,-1.99,2.82,-8.06,3.06,-4.9,4.17,-2.91,99,99,99,-6.46,99,-5.53,99,8.59,99,-4.51,-6.99,99,99,8.16,6.21,99,99,99,99,99,99,99,99,99,-2.91,99,6.36,-0.19,4.03,-9.08,99,6.84,99,-4.51,-0.44,99,99,99,99,99,-2.62,99,99,-0.39,-2.57,99,-4.56,6.8,99,99,99,99,-9.13,99,99,99,99,-9.32,99,99,99,99,99,99,99,99,99,6.6,99,99,99,99,99,99,99,99,99,99,99
26,99,99,99,99,4.66,99,8.74,-4.08,99,99,99,99,-0.53,99,3.74,-0.92,3.69,6.89,0.39,-1.36,99,99,99,99,99,99,2.57,99,5.87,99,99,8.88,99,99,99,99,99,99,99,99,99,99,99,99,99,99,99,99,1.94,8.5,99,99,99,9.03,99,99,99,99,3.83,-1.31,8.64,7.18,99,99,0.44,7.09,99,99,7.33,99,99,99,4.95,0.68,99,99,99,99,-6.12,99,99,99,99,99,99,99,99,99,99,99,99,99,99,99,99,99,99,99,99,99
27,99,99,99,99,2.62,99,-2.18,-0.15,99,99,99,99,2.48,99,-0.97,1.5,-0.73,2.33,8.2,7.38,99,99,99,99,99,4.66,-8.3,7.77,8.45,99,99,7.67,99,99,8.54,99,99,99,99,99,99,99,99,99,99,7.43,99,7.43,99,8.11,99,-2.14,7.67,99,99,99,99,99,99,4.56,8.4,6.7,99,99,99,7.18,5.73,99,99,99,99,99,99,99,99,99,99,99,99,99,99,99,99,99,4.81,99,99,99,99,99,99,99,99,99,99,99,99,99,99,99
18,99,99,99,99,0.05,99,1.21,-2.28,99,99,99,99,1.07,99,2.38,-6.46,-7.18,-7.28,1.41,-0.29,99,99,99,1.94,99,99,99,99,99,99,99,99,99,99,99,99,99,99,99,99,99,99,99,99,99,2.91,99,99,99,2.04,99,99,3.3,99,99,99,99,99,99,99,99,2.67,99,99,99,99,99,99,99,99,99,99,99,1.6,99,99,-4.81,-0.78,99,99,99,99,99,99,99,99,99,99,99,99,99,99,99,99,99,99,99,99,99,99
32,99,99,99,99,-1.41,99,-2.82,-4.08,99,99,99,99,-2.96,99,0.34,-2.96,-0.63,1.8,0.05,-1.8,-0.68,99,99,99,99,99,99,99,0.83,99,-0.92,1.75,99,99,0.87,0.78,99,1.65,99,0.92,99,99,99,99,99,0.92,99,1.7,0.39,0.29,99,99,99,0.97,0.1,0.68,99,99,99,99,99,0.39,99,99,99,1.07,99,0.68,1.17,99,99,99,-0.44,-1.07,99,99,99,99,99,99,99,99,99,99,-3.3,99,99,99,99,99,99,99,99,99,99,99,99,99,99,99
31,6.36,3.25,99,99,-6.7,99,-1.94,-2.62,99,7.09,99,99,-6.84,99,-6.84,2.82,0.63,8.11,-3.16,5,99,99,99,99,99,99,-7.09,99,1.5,99,99,-6.12,99,99,7.43,7.62,99,99,99,99,99,99,99,99,99,99,99,99,99,3.54,99,-3.01,7.91,99,99,-2.91,99,4.42,-3.45,5.63,99,7.57,99,99,99,-4.27,99,7.04,-6.17,99,99,99,99,99,5.1,99,99,99,99,-0.53,99,99,99,99,99,99,99,99,99,99,99,99,99,99,99,99,99,99,99,99
34,99,99,99,99,9.22,99,-5.44,1.55,99,99,99,99,-2.38,99,-9.08,-9.9,-3.98,-9.66,6.17,8.3,8.93,99,99,99,99,99,7.96,-3.74,8.93,99,7.67,4.95,99,99,6.07,-2.62,99,99,-3.83,99,99,1.26,99,99,99,6.7,2.91,99,8.25,8.83,99,99,1.12,99,99,99,-9.76,99,99,99,9.08,-6.41,99,99,8.74,8.59,99,8.16,4.13,99,99,99,99,99,3.45,99,99,99,99,99,99,99,99,99,5.29,99,99,99,99,99,99,99,99,99,99,99,99,99,99,99
24,99,99,99,99,-6.6,99,1.02,-3.88,99,99,99,99,-9.56,99,-7.48,-1.99,0.78,-1.02,3.25,0.29,99,99,99,99,99,99,-2.57,99,2.77,99,99,3.4,99,99,3.01,0.83,99,99,99,99,99,99,-1.17,99,99,99,3.35,1.84,99,2.43,99,99,3.54,99,99,99,99,99,99,0.29,99,2.23,99,99,99,99,99,99,0.87,99,99,99,99,99,99,99,99,99,2.72,99,99,99,99,99,99,99,99,99,99,99,99,99,99,99,99,99,99,99,99,99
24,99,99,99,99,-2.57,99,-3.54,5.19,99,99,99,99,-8.98,99,-1.75,3.5,-4.03,1.31,-8.64,-0.73,99,99,99,99,99,99,-2.72,99,3.16,99,99,1.89,99,99,4.61,3.16,99,99,99,99,99,99,99,99,99,99,99,99,0.92,3.83,99,99,4.17,99,4.76,99,99,99,99,99,99,0.83,6.21,99,99,99,99,2.23,99,99,99,99,99,99,-7.33,99,99,99,99,99,99,99,99,99,99,99,99,99,99,99,99,99,4.47,99,99,99,99,99,99,99
35,99,99,99,99,2.77,99,0.73,-2.48,99,99,99,99,1.55,99,2.33,-9.42,-0.29,0.44,-3.79,0.87,4.95,99,99,99,99,2.43,2.91,99,4.08,99,4.42,4.56,99,99,1.5,2.28,99,99,99,2.33,-1.17,99,99,99,99,99,-0.34,-0.68,2.04,2.67,99,99,4.71,-0.63,99,3.88,99,99,99,99,3.79,-0.19,99,99,-5.68,2.33,99,4.51,4.85,99,99,99,99,99,99,99,99,99,99,99,99,99,99,-0.1,99,99,99,99,99,99,99,99,-0.24,99,99,99,99,99,99,99
31,99,99,99,99,-8.69,99,2.62,-8.45,99,99,99,99,-8.3,99,-2.77,-7.91,-3.83,-9.03,0.19,-7.77,-0.34,99,99,99,99,99,0.87,-0.15,-0.34,99,1.21,4.08,99,0.83,1.02,5.53,99,99,99,99,99,0.19,99,99,99,99,99,99,5.34,3.98,99,99,2.67,99,99,99,99,99,99,99,99,4.03,99,99,-4.76,99,99,-3.25,5.58,99,99,99,99,99,99,99,99,99,99,99,3.5,99,99,99,99,99,99,99,4.03,99,99,99,99,99,99,-1.65,99,-3.11,99,99
25,99,99,99,99,-5.68,99,3.2,-9.37,99,99,99,99,-8.69,99,-1.6,-5.78,-9.37,1.55,-2.09,-2.09,1.07,99,99,99,99,99,3.4,99,-4.71,99,99,99,99,99,-3.83,8.5,99,99,99,99,99,-7.04,99,99,99,99,99,99,7.91,0.73,99,99,5.24,99,2.09,99,99,99,99,99,99,99,99,99,-3.54,99,0.19,0.1,6.12,99,99,99,99,99,99,99,99,99,99,99,99,99,3.79,99,99,99,99,99,99,99,99,99,99,99,99,99,99,99,99,99
29,99,99,99,99,-0.39,99,-9.27,-2.23,99,99,99,99,-9.66,99,-9.17,-4.51,1.84,1.26,8.69,8.69,9.03,99,99,99,99,99,3.2,99,4.27,99,99,6.55,99,99,7.72,9.17,99,99,99,99,99,99,99,99,3.74,99,99,99,99,8.16,99,99,9.17,8.98,99,0.53,-3.06,99,99,99,8.98,99,99,99,9.22,0.44,99,9.13,-9.76,99,99,99,99,99,4.32,99,99,99,99,99,99,99,99,99,99,99,99,99,99,99,99,-0.83,99,99,99,99,99,99,99,99
17,99,99,99,99,5.44,99,-5.92,5.29,99,99,99,99,-6.41,99,-6.12,-1.17,-4.71,-5.58,-5.92,-5.92,99,99,99,99,99,99,2.18,99,99,99,99,99,99,99,-3.5,99,99,99,99,99,99,99,99,-5.68,99,99,99,99,99,99,99,99,-0.24,99,99,99,99,99,99,99,99,99,99,99,99,99,99,99,99,99,99,99,99,99,-1.55,99,99,99,0.34,99,99,99,99,99,-3.06,99,99,99,99,99,99,99,99,99,99,99,99,99,99,99
19,99,99,99,99,6.46,99,4.08,-0.78,99,99,99,99,4.03,99,1.12,4.81,-5.92,6.75,5.44,-1.65,99,99,99,99,99,99,5.87,99,99,99,99,99,99,99,5.49,5.19,99,99,99,99,99,99,99,99,99,99,99,1.89,6.46,99,99,99,5.19,99,99,99,99,0.39,99,99,99,7.23,99,99,99,99,99,99,99,99,99,99,99,99,99,99,99,99,99,99,99,99,99,99,99,99,99,99,99,99,99,99,99,99,99,1.6,99,99,99,99
28,99,99,99,99,5.29,99,0.83,-5.19,99,99,99,99,-4.85,99,4.47,-6.84,-5.68,-5.73,0.73,-4.27,2.52,99,99,99,99,99,3.25,99,99,99,99,3.98,99,99,99,1.55,99,99,99,99,99,1.21,99,99,99,2.28,99,99,1.8,4.03,99,99,2.86,99,99,99,99,99,99,99,5.53,3.5,99,99,2.43,3.3,99,2.91,99,99,99,99,99,99,99,99,99,99,99,99,99,99,99,3.11,1.07,99,1.36,99,99,99,99,99,2.62,99,99,99,99,99,99,99
16,99,99,99,99,-7.86,99,-5.58,-7.62,99,99,99,99,7.57,99,-6.84,5.83,-8.01,-6.89,7.48,5.53,99,99,99,99,99,99,99,99,99,99,99,99,99,99,99,99,99,99,99,99,99,99,99,6.94,99,99,99,99,99,99,99,99,99,99,99,99,99,99,99,99,99,5.49,99,99,99,99,99,99,99,4.81,99,99,4.61,99,99,99,99,4.61,99,99,99,99,99,99,99,-5.58,99,99,99,99,99,99,99,99,99,99,99,99,99,99
33,99,99,99,99,3.69,99,-6.89,-1.07,99,99,99,99,1.26,99,-3.54,-1.41,-0.53,1.99,-5.53,-6.41,-2.33,99,99,99,2.96,99,2.57,99,3.74,99,4.61,2.52,99,99,3.25,4.37,99,99,99,99,99,99,99,3.01,99,-0.15,99,-0.49,1.12,3.2,99,99,-3.93,99,99,-1.41,99,99,99,99,99,3.01,99,99,4.32,-4.51,99,-1.89,-6.6,99,99,99,99,99,99,99,99,99,99,99,99,99,99,99,99,99,99,99,99,-0.92,99,99,99,-1.21,99,99,99,99,-8.4,99
32,99,99,99,99,7.67,99,-7.91,-2.82,99,99,99,99,-0.39,99,-3.79,4.08,2.14,3.06,7.86,4.71,3.54,99,99,99,99,99,7.72,6.65,-7.18,99,99,1.94,99,99,1.55,0.63,99,99,99,1.84,99,8.3,8.5,99,99,99,-3.74,99,-1.6,-0.39,99,99,4.85,99,99,99,99,99,99,99,6.6,-5.78,99,1.99,4.03,5.92,99,2.38,8.25,99,99,99,99,99,99,99,99,99,99,99,99,99,99,99,99,99,99,99,99,99,99,99,8.2,99,99,99,99,99,99,99
33,-8.83,5.92,99,99,-6.12,99,-7.09,2.77,99,99,99,99,-8.54,99,-8.35,-0.97,6.31,-6.02,-4.13,-9.37,3.2,99,99,99,99,2.86,-4.27,99,8.11,99,99,-4.56,99,8.16,5.53,5.92,99,99,99,99,99,99,99,99,99,0.53,99,-4.66,0.68,3.25,99,99,5.15,99,99,99,99,99,99,99,99,6.21,1.41,99,5.78,2.86,99,-7.04,-8.79,99,99,99,99,99,99,99,99,99,99,99,99,99,99,99,99,99,3.4,99,99,99,99,99,99,99,0.53,99,99,99,99,99
28,99,99,99,99,-7.77,99,5.87,3.5,99,99,99,99,0.15,99,1.89,5.39,-3.69,5.78,5.34,0,99,99,99,99,99,99,-3.64,-8.59,6.46,99,99,0.63,99,99,9.27,99,99,99,99,99,99,99,99,99,99,99,99,8.3,4.9,6.89,99,99,99,4.81,99,99,99,99,99,99,4.61,7.14,-4.71,99,-0.53,3.2,99,-1.41,8.11,99,99,99,99,99,99,99,0.24,99,99,99,99,99,99,99,99,99,99,9.17,99,99,99,99,99,99,99,99,99,99,99,99
19,99,99,99,99,8.4,99,-9.27,1.84,99,99,99,99,-6.65,99,4.9,-7.91,-3.25,0.83,-9.66,2.04,99,99,99,99,99,99,3.98,99,99,99,99,99,99,99,99,1.94,99,99,99,99,99,99,99,99,99,99,99,99,6.17,4.61,99,99,3.69,99,99,99,99,99,99,99,99,99,99,99,4.51,99,99,99,4.03,99,99,99,99,99,99,99,99,99,99,99,99,99,99,99,99,99,99,99,99,99,99,99,99,4.47,99,99,99,3.74,99,99
23,99,99,99,99,4.85,99,-2.04,-2.82,99,99,99,99,-7.77,99,-6.7,1.75,2.67,5.19,0.87,4.37,99,99,99,99,99,6.7,99,99,99,99,99,-3.06,99,99,99,5,99,99,99,99,99,9.27,99,99,99,99,99,6.84,99,-0.83,99,7.04,99,99,99,1.07,99,99,99,99,99,9.03,99,99,99,99,99,99,99,99,99,99,99,9.08,99,99,99,99,99,99,99,99,99,99,99,99,99,99,99,5.49,99,99,99,99,99,8.11,99,99,4.17,99
35,99,99,99,99,8.25,99,8.64,-9.85,99,99,99,99,-7.33,99,8.4,-7.38,-0.15,-1.02,1.84,-6.6,7.28,99,99,99,99,99,1.94,0.19,9.17,99,7.82,-6.8,99,99,8.93,2.82,99,99,1.8,99,99,-1.12,99,99,-0.68,99,0.19,-6.5,-0.24,7.72,-3.5,99,7.52,99,99,3.79,99,99,99,99,-0.1,-8.93,99,99,6.46,8.93,99,1.99,9.32,99,99,99,99,99,99,99,99,99,99,99,99,99,99,99,7.48,99,99,99,99,99,99,99,99,99,99,99,99,99,99,99
19,99,99,99,99,5.73,99,-3.45,5.58,99,99,99,99,-4.81,99,1.7,0.83,0.68,2.86,2.52,5.73,99,99,99,99,99,99,8.11,99,99,99,99,99,99,99,6.55,99,99,99,99,99,99,99,99,99,99,99,99,-6.36,7.62,99,99,99,99,99,99,99,99,-5.83,99,99,99,7.57,99,99,99,2.82,99,99,99,99,99,99,99,99,99,99,99,0.53,99,99,99,99,99,99,99,99,99,99,99,99,99,99,99,99,99,99,5.58,99,99,99
31,99,99,99,99,8.79,99,-9.66,-7.43,99,99,99,99,-0.83,99,-5.34,-9.47,-6.75,-4.27,2.82,1.94,7.91,99,99,99,99,99,-0.19,7.57,5.73,99,99,6.8,99,99,6.94,2.72,99,-0.44,99,99,99,-2.28,99,99,99,99,99,99,7.28,2.28,99,99,9.17,99,99,1.6,99,99,99,99,99,5.83,99,99,-9.13,-8.45,99,6.26,5.92,99,99,99,99,99,99,99,99,99,99,99,99,99,99,99,99,99,-5.19,99,99,99,99,7.91,99,99,99,6.99,99,99,99,99
30,99,99,99,99,-2.28,99,-1.8,-2.82,99,99,99,99,-4.37,99,-2.82,-2.43,-2.77,-2.82,1.5,-0.53,0.73,99,99,99,99,99,3.16,99,3.83,99,-1.46,3.01,99,99,3.88,2.96,99,99,99,99,99,3.88,99,99,99,99,99,3.5,3.25,3.16,99,99,4.37,2.67,99,99,99,99,99,99,99,3.2,99,99,3.64,99,-1.02,4.03,1.5,99,99,99,99,99,99,99,99,99,99,99,99,99,99,99,99,99,99,99,2.67,99,99,99,99,99,99,3.25,99,99,99,99
18,99,99,99,99,3.11,99,0.92,-1.89,99,99,99,99,3.88,99,-3.79,0.58,1.89,2.72,2.62,2.67,99,99,99,99,99,99,99,99,5.63,99,99,99,99,99,4.42,99,99,99,-0.34,99,99,99,99,6.17,5,99,99,99,99,6.41,99,99,99,99,99,99,99,99,99,99,99,99,99,99,99,99,99,7.04,99,99,99,99,99,99,99,99,99,99,99,99,99,99,99,99,99,99,99,99,99,99,99,99,3.98,99,99,99,99,99,99,99
17,99,99,99,99,1.26,99,1.31,-2.14,99,99,99,99,-7.48,99,-8.69,-2.18,0.44,-9.66,-1.7,-8.74,99,99,99,99,99,99,99,99,-9.13,99,99,99,99,99,99,99,99,99,2.48,99,99,99,99,99,99,99,99,99,99,99,99,99,2.91,99,99,99,99,99,99,99,99,99,99,99,99,99,99,-9.47,99,99,99,99,99,99,-2.91,99,3.74,99,-4.27,99,99,99,99,99,99,99,99,99,99,99,99,99,99,99,99,99,99,99,99,99
16,99,99,99,99,6.41,99,7.77,-3.16,99,99,99,99,4.08,99,-8.2,-9.81,-0.39,8.45,8.59,3.06,99,99,99,99,99,99,99,99,99,99,99,99,99,99,99,99,99,99,99,99,99,99,99,99,-8.69,99,99,99,99,5.29,99,99,99,99,99,99,99,99,99,99,99,99,99,99,6.94,99,99,99,99,99,99,99,99,99,99,6.7,99,99,99,99,99,99,99,99,99,99,99,99,99,99,99,99,99,99,99,1.55,7.33,99,99,99
17,99,99,99,99,0.29,99,-6.89,3.3,99,99,99,99,-7.67,99,0.24,-8.93,3.3,-4.42,-2.09,-6.12,99,99,99,99,99,99,99,99,99,99,99,99,99,99,99,4.76,99,99,99,99,-4.22,99,99,99,99,99,99,99,99,6.6,0,99,99,99,99,99,99,99,99,99,99,3.54,99,99,99,99,99,99,99,99,99,99,99,99,99,99,99,99,99,99,99,99,99,99,3.64,99,99,-2.04,99,99,99,99,99,99,99,99,99,99,99,99
21,99,99,99,99,-1.17,99,2.48,0.73,99,99,99,99,3.3,99,-2.09,0.49,-3.59,-6.07,-2.43,3.64,99,99,99,99,99,1.5,-0.1,99,99,99,99,99,99,99,99,2.18,99,99,99,99,99,99,99,99,99,99,-1.41,99,99,-8.3,99,99,0.19,1.41,1.55,99,99,99,99,99,99,99,99,99,99,99,99,-4.66,99,0.34,99,99,99,99,99,-3.74,99,99,99,99,99,99,99,99,99,99,99,99,99,99,99,99,99,99,99,99,99,99,99,99
26,99,6.55,99,99,-3.4,99,2.57,3.25,99,99,99,99,8.11,99,-1.99,-8.16,-0.24,-7.43,-4.9,-1.94,99,99,99,99,99,99,0.73,99,8.16,99,99,9.32,99,99,3.79,4.08,99,99,99,4.17,99,99,99,99,99,99,99,99,99,2.52,99,99,7.04,99,99,4.81,99,-7.28,99,99,99,1.6,99,99,99,99,99,-5.53,99,99,99,99,99,99,99,99,99,99,99,99,99,99,99,99,99,99,-7.77,99,99,99,99,-9.9,99,99,-0.29,99,99,99,99,99
17,99,99,99,99,-3.98,99,-2.82,6.6,99,99,99,99,1.02,99,-0.15,-7.91,-0.49,-5,0.68,5.05,99,99,99,99,99,-5.24,-3.88,99,99,99,99,99,99,99,-8.79,99,-8.06,99,99,99,99,99,-7.48,99,99,99,99,99,99,99,99,99,99,99,99,99,99,99,99,99,99,99,99,99,99,99,99,99,99,99,99,-1.8,99,99,99,99,99,99,99,99,99,99,99,99,99,99,99,99,99,99,99,99,99,99,99,99,2.72,99,99,99
21,99,99,99,99,4.03,99,-0.92,3.93,99,99,99,99,3.06,99,3.88,3.59,-0.49,0.97,-1.12,-0.92,99,99,99,99,99,99,99,99,99,99,99,3.98,99,99,0.73,99,99,99,99,99,99,-1.46,-2.86,99,99,99,99,0.39,8.16,3.3,99,-0.92,99,99,99,99,99,99,99,99,99,1.31,99,99,99,99,99,99,99,99,99,99,99,99,99,99,99,-0.24,99,99,-0.78,99,99,99,99,99,99,99,99,99,99,99,99,99,99,99,99,99,99,99
30,99,99,99,99,-0.58,99,2.04,5.24,99,99,99,99,-5.58,99,0.97,-4.95,-6.6,0.92,0.97,-9.42,-3.79,99,99,99,99,99,2.14,99,5.97,99,3.98,-1.12,99,99,2.77,1.31,99,99,99,99,99,99,99,99,99,99,99,99,99,5.68,99,99,5.58,6.75,0.49,5.73,99,99,99,99,2.48,-4.76,5.58,99,99,-5.29,-3.11,-4.61,2.04,99,99,99,99,99,99,99,99,99,99,99,99,99,99,99,99,99,99,99,99,99,99,-6.7,99,99,99,99,99,99,99,99
19,99,99,99,99,7.38,99,4.51,-2.72,99,99,99,99,3.98,5.53,4.61,-7.82,-6.6,-7.23,5.39,4.13,99,99,99,99,99,99,99,99,99,99,99,6.8,99,99,99,99,99,99,99,99,99,99,99,99,99,99,99,99,4.51,99,99,99,5.92,99,99,7.04,-5.73,99,99,99,99,99,99,99,99,99,99,99,99,99,99,99,99,99,99,99,99,99,99,99,-7.91,99,99,99,99,99,99,99,99,99,0.87,99,99,99,99,99,6.84,99,99,99
17,-5.92,-4.56,99,99,-8.35,99,-7.18,6.55,99,99,99,99,-7.57,99,-8.64,-7.48,7.43,7.09,-3.88,-6.8,99,99,99,99,99,99,99,99,99,99,99,99,99,99,99,99,99,99,99,99,99,99,8.01,99,99,99,99,99,99,99,99,99,99,99,99,-7.33,99,99,99,99,99,99,99,-7.72,99,99,99,99,99,99,99,4.51,99,99,99,99,99,99,99,99,99,99,99,99,99,99,99,99,99,99,99,99,99,99,99,2.62,99,99,99,99
32,99,99,99,99,4.27,99,-7.96,-0.68,99,99,99,99,5.49,99,0.39,3.3,-7.04,8.3,-3.5,-8.06,3.64,99,3.93,99,99,99,4.66,7.91,9.03,99,99,2.96,99,99,7.72,99,99,7.09,-0.15,99,99,0.53,99,99,99,99,99,7.52,6.36,6.99,99,99,99,5.24,99,99,99,99,99,99,8.2,5.05,99,99,9.32,6.84,99,9.32,7.48,-1.75,99,99,99,99,99,99,1.84,99,99,99,99,99,99,99,99,99,99,99,99,99,99,99,99,99,99,99,99,99,99,99
27,99,99,99,99,5.78,99,-3.83,-2.14,99,99,99,99,1.7,99,2.23,-0.53,3.11,-3.11,4.81,-0.1,1.17,99,99,99,99,99,1.17,1.17,99,99,99,2.48,99,99,1.17,2.91,99,99,99,99,99,99,3.79,99,99,99,99,99,1.17,2.57,99,99,0.58,3.64,99,99,99,99,99,99,99,2.33,99,99,99,1.17,99,1.17,99,1.99,99,99,99,1.31,99,99,99,99,2.62,99,99,99,99,99,99,99,99,99,99,99,99,99,99,99,99,99,99,99,99,99
29,99,99,99,99,7.28,99,-5.1,-7.33,99,99,99,99,1.5,99,4.08,-8.54,-0.92,1.26,5.53,-2.67,6.99,99,99,99,99,7.67,7.67,99,7.48,99,99,6.41,99,99,7.57,6.99,99,99,99,99,99,99,99,99,99,99,99,99,99,8.16,99,99,6.7,99,99,99,99,99,99,1.02,6.99,2.14,99,99,5.83,6.02,99,6.41,7.48,5.73,99,7.57,99,99,99,99,99,99,99,99,99,99,99,99,99,99,99,99,99,99,99,99,99,99,99,99,99,5.44,99,99
19,99,99,99,99,9.27,99,8.64,8.4,99,99,99,99,-3.88,99,7.43,9.13,2.48,9.13,8.83,9.13,99,99,99,99,99,99,99,99,99,99,99,99,99,99,99,99,99,99,99,99,8.88,99,99,99,99,99,99,99,99,99,99,99,99,99,99,99,99,99,99,99,1.26,99,99,8.2,8.93,99,99,99,99,99,4.32,99,99,99,99,99,99,99,99,99,99,99,99,99,99,99,99,99,99,99,99,99,99,99,99,99,9.37,9.37,5.05,9.22
19,99,99,99,99,8.74,99,-8.64,-0.34,99,99,99,99,-9.9,99,-9.47,2.43,3.5,-8.69,1.99,-9.13,99,99,99,99,99,99,9.22,99,99,99,99,9.17,99,99,99,-0.1,99,99,99,99,99,99,99,9.27,99,99,99,99,8.83,99,99,99,9.17,99,99,99,-8.69,99,99,99,99,-9.17,99,99,99,99,-9.22,99,99,99,99,99,99,99,99,99,99,99,99,99,99,99,99,99,99,99,99,99,99,99,99,99,99,99,99,99,99,99,99,99
21,99,-1.41,99,99,-7.23,99,-0.83,-1.07,99,99,99,99,3.06,99,2.67,-7.23,-2.57,-1.17,0,5.49,99,99,99,99,99,99,2.82,99,3.16,99,99,99,99,99,5.39,7.67,99,4.08,99,99,99,99,99,99,99,99,99,99,99,7.67,99,99,99,99,99,99,99,99,99,99,99,99,1.46,99,99,99,99,3.45,99,99,99,99,99,99,99,99,99,99,99,99,99,99,99,99,99,99,99,99,7.04,7.67,99,99,99,99,99,99,99,99,99,99
20,99,99,99,99,7.09,99,2.38,4.51,99,99,99,99,-0.39,99,0.58,6.02,8.06,4.03,-0.58,-0.92,99,99,99,99,99,99,99,99,8.79,99,99,8.88,99,99,99,99,8.64,99,99,99,99,99,99,99,9.08,99,99,99,99,8.93,99,99,99,99,99,8.54,99,99,99,99,9.13,8.88,99,99,99,8.74,99,99,99,99,99,99,99,99,99,99,99,99,99,8.98,99,99,99,99,99,99,99,99,99,99,99,99,99,99,99,99,99,99,99,99
35,99,99,99,99,7.48,99,-1.84,-7.67,99,99,99,99,-1.5,-3.25,-0.68,1.21,-7.52,-0.97,2.52,2.62,5.97,99,99,99,99,99,5.34,2.14,1.36,99,1.36,3.59,99,99,4.71,5.73,99,99,1.7,99,99,-0.97,99,99,99,99,-0.83,99,-1.36,5.29,99,99,6.21,99,99,-2.62,99,99,99,99,7.23,2.18,99,99,5.29,0,99,4.61,2.04,5.29,99,99,99,99,99,99,99,99,99,99,99,99,99,99,4.22,99,99,99,99,99,99,99,99,99,99,99,99,99,-2.48,99
25,99,99,99,99,-4.9,99,-0.24,-3.93,99,99,99,99,2.18,99,5.83,-3.25,-4.13,0,-2.77,-3.69,99,99,99,99,99,99,1.55,99,3.93,99,99,-3.88,99,99,-3.79,0.58,99,3.2,99,99,99,99,99,99,99,99,99,3.45,99,3.69,99,99,99,-4.17,99,99,99,99,99,0.92,99,-3.69,99,99,-6.65,-3.25,99,1.36,99,99,-4.13,99,99,99,99,99,99,99,99,99,99,99,99,99,99,99,99,99,99,99,99,99,99,99,99,99,99,99,99,99
35,99,99,99,99,-2.86,99,-3.88,-5.92,99,99,99,99,-4.08,99,-0.19,-2.14,-1.07,-2.72,0.1,-0.68,-3.5,99,99,99,99,99,-2.67,99,1.21,99,-3.06,0.63,99,99,4.17,1.36,99,99,99,99,99,-0.58,99,99,-4.03,99,99,-1.21,-2.72,3.06,1.41,99,3.69,-1.5,99,-4.22,99,99,99,99,0.29,-0.44,99,99,7.23,1.21,99,2.86,-1.41,99,99,99,99,99,99,99,99,0.24,99,99,99,99,2.09,99,99,99,99,99,1.65,99,99,99,99,99,99,99,99,99,99,99
25,99,99,99,99,1.7,99,-8.79,-1.84,99,99,99,99,0.63,99,-1.21,2.77,-3.35,7.09,7.96,6.75,99,99,99,99,99,8.5,99,99,99,99,99,7.91,99,99,8.5,2.77,99,99,0.73,3.01,99,99,99,99,99,99,99,5.68,5.97,7.96,99,99,8.16,99,99,99,99,99,99,99,99,8.2,7.28,99,9.27,99,99,99,4.51,99,99,99,99,99,99,99,99,99,99,99,99,99,99,99,99,99,99,99,99,99,99,99,99,99,99,99,3.45,99,99,99
22,99,99,99,99,-2.43,99,7.04,0.58,99,99,99,99,1.46,99,-3.79,-7.72,-7.43,2.67,4.03,-0.39,99,99,99,99,99,2.28,8.45,99,1.7,99,99,99,99,99,1.75,99,99,99,99,-2.82,99,99,99,99,99,99,-0.73,99,99,5.05,99,99,99,99,99,99,99,99,99,99,99,3.54,99,99,4.76,3.5,99,99,99,99,99,99,99,99,99,99,99,99,99,99,99,99,0.63,99,99,99,99,99,99,99,99,99,99,99,99,3.5,99,99,99,99
18,99,99,99,99,8.54,99,-8.54,-0.92,99,99,99,99,-8.59,99,-8.5,1.41,4.81,6.02,2.57,-6.99,99,99,99,99,99,99,99,99,99,99,99,99,99,99,99,99,99,99,99,99,99,99,99,99,99,99,99,99,99,3.2,99,99,0.24,99,99,99,99,99,99,99,99,-4.95,99,-5.87,99,99,99,99,99,99,99,99,-5.58,99,99,99,99,99,99,-8.5,99,99,99,99,99,99,-5.24,99,99,99,99,99,99,99,99,99,99,-8.06,99,99
33,99,99,99,99,-4.9,99,2.33,-9.47,99,99,99,99,-9.56,99,0.58,-9.66,-4.37,-8.69,-1.75,1.8,6.55,99,99,99,99,99,5.78,1.99,2.23,99,3.5,3.83,99,-2.72,3.69,1.41,99,99,99,99,99,6.65,99,99,99,6.99,1.75,99,2.86,5.15,99,99,2.48,6.65,99,99,99,99,99,99,99,3.2,99,99,5.44,99,99,2.14,3.59,99,99,99,99,99,99,99,99,99,99,4.95,99,-0.97,99,99,99,99,99,99,99,99,99,99,99,99,99,99,-0.83,99,99,99
23,99,99,99,99,2.72,99,-5.53,1.84,99,99,99,99,4.47,99,5.68,-6.31,-1.5,-2.28,-0.53,-5.78,99,99,99,99,99,99,99,1.31,3.11,99,99,99,99,99,99,4.47,99,99,99,99,99,99,99,99,99,99,99,99,99,-0.53,-4.85,99,99,1.84,99,99,99,99,99,99,-0.58,-3.35,99,99,99,99,-5.1,3.16,-2.67,99,99,99,99,-6.12,99,99,99,99,99,99,99,99,99,99,99,99,99,99,99,99,99,99,99,99,-0.58,99,99,99,99,99
19,99,99,99,99,-0.78,99,-0.63,8.11,99,99,99,99,7.62,99,5.92,8.79,-7.14,8.54,-9.17,-9.13,99,99,99,99,99,99,99,99,7.57,99,99,99,99,99,99,99,99,99,99,99,99,99,99,99,99,99,99,99,99,-3.59,99,-5.49,1.84,-9.32,99,99,99,99,99,99,99,99,99,99,99,99,99,-9.13,99,99,99,99,99,99,99,99,99,99,99,99,99,99,99,99,99,99,99,99,99,99,99,99,-8.45,99,4.51,99,-5.49,99,99,99
27,99,99,99,99,0.19,99,-1.94,-1.31,99,99,99,99,-2.43,99,0.05,0.92,1.07,1.55,1.17,1.41,99,99,99,99,99,99,99,7.91,99,99,9.32,99,99,5.63,99,5.19,99,4.95,99,99,99,99,99,99,99,99,99,8.16,7.14,5.78,99,99,99,-9.85,0.97,99,99,99,99,2.52,99,8.74,99,6.12,99,9.32,99,99,99,99,99,99,99,99,99,2.57,99,99,99,99,99,99,99,99,99,99,99,99,99,1.41,99,99,3.06,99,99,99,99,99,99,99
18,99,99,99,99,2.23,99,0.58,5.78,99,99,99,99,3.25,99,-5.87,2.38,2.91,0,8.06,0,99,99,99,99,99,99,99,99,1.8,99,99,8.45,99,99,99,99,99,99,99,99,99,99,99,99,99,99,99,99,99,7.14,99,99,99,7.43,99,99,99,99,99,99,99,99,99,99,99,99,99,99,99,-0.19,99,99,99,5.83,99,99,99,99,99,99,99,99,99,99,99,99,99,99,99,99,99,-2.82,99,99,0.29,99,99,99,99,99
29,99,99,99,99,3.79,99,4.76,-6.6,99,99,99,99,-3.5,99,-1.94,-1.5,2.48,4.66,4.85,2.86,8.98,99,99,99,99,99,9.17,99,0.68,99,99,2.86,99,99,8.25,7.09,99,99,99,99,99,99,99,99,99,99,99,99,-3.74,8.79,8.83,8.5,7.72,99,99,99,99,99,99,-3.74,8.98,8.16,99,99,9.27,7.38,99,4.17,-2.52,99,99,99,99,99,99,99,8.25,99,99,99,99,99,99,99,99,99,99,99,99,99,99,99,99,99,99,99,99,99,99,99
23,99,99,99,99,8.3,99,-8.98,-9.66,99,99,99,99,9.03,99,-0.49,-9.51,-1.31,-6.75,-8.06,-8.74,6.6,99,99,99,99,99,-0.05,99,-7.72,99,99,99,99,99,99,99,99,99,99,99,99,8.3,99,99,99,0.83,99,99,5.1,-2.57,99,-8.83,-7.23,99,99,0.39,99,99,99,99,99,99,99,99,99,99,99,-8.5,3.45,99,99,99,99,99,99,99,99,99,99,99,99,99,99,99,99,99,99,99,99,99,99,99,99,99,-8.2,99,99,99,99,99
16,99,99,99,99,-1.6,99,-3.5,-8.88,99,99,99,99,-4.32,99,-8.25,-0.44,-3.5,-0.63,-6.21,-4.17,99,99,99,99,99,99,99,99,-4.08,99,99,99,99,99,99,99,99,99,-0.1,99,99,99,-0.97,99,99,99,99,99,99,99,99,99,99,99,99,99,99,99,99,99,99,99,99,99,99,99,99,99,2.43,0.53,99,99,99,99,99,99,99,-0.15,99,99,99,99,99,99,99,99,99,99,99,99,99,99,99,99,99,99,99,99,99,99
22,5.44,99,99,99,-3.2,99,-9.76,-6.8,99,99,99,99,-9.71,99,-3.4,-9.85,3.45,-0.24,-5.05,-8.45,99,99,99,99,99,-4.66,99,99,-9.47,99,99,99,99,99,0.44,-2.77,99,99,99,99,99,99,99,99,99,-9.76,99,99,99,2.04,99,99,99,99,-8.5,99,99,99,99,99,-2.48,99,99,99,99,99,99,4.17,99,99,99,99,99,99,99,99,1.46,5.15,99,99,99,99,99,99,99,99,99,99,99,99,99,99,99,99,99,99,99,99,99,99
35,99,99,99,99,-3.35,99,1.41,0.92,99,99,99,99,-5.92,99,0.39,-9.81,-4.13,0.24,-0.63,-0.63,5,99,99,99,-6.7,99,2.67,99,1.89,99,2.96,2.62,99,99,1.99,3.98,99,99,99,99,99,99,99,99,-5.15,0.53,99,1.12,0.05,2.52,99,99,-0.34,-1.6,99,-0.1,99,99,99,99,-0.78,1.65,99,99,3.35,1.55,99,-2.28,-0.15,99,99,99,99,99,99,0.92,-9.42,99,99,99,99,99,99,99,99,99,99,1.17,99,99,99,99,99,99,99,99,99,99,99,99
20,99,99,99,99,-6.84,99,-9.47,-7.48,99,99,99,99,-9.22,99,-9.51,-9.47,-9.32,-9.03,-9.81,-5.29,99,-6.75,-8.45,-9.42,99,-6.65,99,99,99,99,99,99,99,99,99,99,99,99,99,99,99,99,99,99,99,99,99,99,99,-9.51,-6.55,99,99,99,99,99,99,99,99,99,99,99,99,99,99,99,99,99,99,-9.51,99,99,99,99,99,99,99,99,99,99,99,-7.57,99,99,99,99,-9.56,99,-9.76,99,99,99,99,99,99,99,99,99,99,99
29,7.38,9.03,99,99,1.89,99,6.02,8.35,99,-9.81,0.83,99,7.77,99,-2.67,-4.71,-5.05,9.08,4.32,9.22,99,99,-5.68,99,99,99,-5.83,99,99,99,99,99,99,99,3.74,8.59,99,99,99,9.13,99,99,99,-2.62,99,99,99,99,99,9.22,99,99,8.01,99,99,99,99,99,8.93,99,99,99,99,99,5.53,3.59,-5.49,99,99,99,99,99,99,99,99,5.87,3.64,99,99,99,99,99,99,99,99,99,99,6.17,99,99,99,99,99,99,99,99,99,99,99,99
17,99,99,99,99,9.37,99,8.11,4.37,99,99,99,99,-9.81,99,-0.34,-9.85,-5.05,-7.77,7.62,-9.32,99,99,99,99,99,99,5.92,99,99,99,99,5.1,99,99,8.4,99,99,99,99,99,99,99,99,99,4.03,99,99,99,99,99,99,99,99,99,99,99,99,99,99,99,99,99,99,99,99,99,99,99,99,99,9.22,99,99,99,-8.98,-9.03,99,99,99,99,99,99,99,99,99,99,99,99,99,99,99,99,99,99,99,99,99,99,99,99
17,99,99,99,99,-1.94,99,4.85,-4.95,99,99,99,99,-4.95,99,-0.68,-2.82,-4.95,4.32,-1.12,-0.44,99,99,99,99,99,99,99,99,99,99,99,0.39,99,99,2.52,99,2.67,2.86,99,99,99,99,99,99,99,99,99,99,99,4.9,99,99,99,99,6.65,99,99,99,99,99,99,3.64,99,99,99,99,99,99,99,99,99,99,99,99,99,99,99,99,99,99,99,99,99,99,99,99,99,99,99,99,99,99,99,99,99,99,99,99,99,99
29,99,99,99,99,4.13,99,3.16,-6.7,99,99,99,99,6.7,99,-6.12,3.79,-6.89,0.73,6.8,-1.31,-5.87,99,99,99,99,99,1.6,-8.74,-1.12,99,99,-4.13,99,99,-3.93,5.29,99,99,99,99,-7.23,99,99,99,99,99,99,99,-9.56,5.58,99,99,-6.46,99,99,99,-7.52,99,99,99,1.99,2.67,99,99,99,-1.21,99,-8.01,0.19,99,99,99,-6.36,99,99,99,99,99,99,99,99,99,99,99,99,-8.88,99,99,99,99,99,99,99,99,99,99,99,99,99,99
22,-3.98,99,99,99,-4.85,99,-6.84,-8.11,99,99,99,99,3.69,99,-5.53,-0.29,2.04,-6.84,-6.84,-6.84,99,99,99,99,99,-3.54,99,99,-2.91,99,99,99,99,99,-2.77,-3.54,99,99,99,99,99,99,99,99,99,99,99,99,99,-5.83,99,99,99,99,99,99,99,99,99,99,99,99,99,99,99,99,99,-3.54,99,99,99,99,99,99,99,99,99,99,99,99,99,99,99,-7.72,99,-2.38,99,99,99,99,-6.7,99,99,1.5,-7.72,99,99,99,99,99
19,6.65,8.2,99,99,-6.21,99,-7.43,-0.53,99,99,99,99,3.06,99,7.67,-6.21,7.43,-0.05,-7.77,-7.28,99,99,99,99,99,99,99,99,7.72,99,99,99,99,99,99,99,99,99,99,99,99,99,99,99,99,99,99,99,99,2.57,99,99,99,99,99,99,99,99,99,99,-2.38,99,99,99,99,99,99,99,99,99,99,99,99,-8.79,99,99,99,99,99,99,3.11,99,99,99,99,99,-3.74,99,99,-0.78,99,99,99,99,99,99,99,99,99,99
17,99,99,99,99,-6.65,99,-6.36,-2.48,99,99,99,99,-2.38,99,-2.14,-5.78,-4.17,-7.23,-5.24,-3.74,99,99,99,99,99,99,99,99,-5.49,99,99,99,99,99,99,99,99,99,-5.58,99,99,-5.24,99,99,99,99,99,99,-1.41,-7.48,99,99,99,99,99,99,99,99,99,99,99,99,99,99,99,99,99,-2.52,99,99,99,99,99,99,99,99,99,99,99,99,99,99,99,99,99,99,99,99,99,99,-5.39,99,99,99,99,99,99,99,99,99
22,99,99,99,99,-2.82,99,-2.57,2.52,99,99,99,99,0.34,99,0.92,-5.58,-1.26,0.58,1.41,2.18,99,99,99,99,99,4.22,5.53,99,8.35,99,99,99,99,99,7.48,99,99,99,99,99,99,99,99,99,99,99,99,99,99,6.99,99,99,99,2.86,99,99,99,99,99,1.55,3.35,7.23,99,99,99,6.65,99,99,99,99,99,99,99,99,99,99,3.59,99,99,99,99,99,99,99,99,99,99,99,99,99,99,99,99,99,3.59,99,99,99,99,99
16,99,99,99,99,5.87,99,99,5.39,99,99,99,99,99,99,99,-6.7,99,-2.72,9.22,-0.1,99,99,99,99,99,99,9.27,99,99,99,99,9.13,99,99,99,9.22,99,99,99,99,99,99,99,99,99,99,1.55,99,99,99,99,99,-2.18,99,99,99,99,99,99,99,99,7.86,99,99,99,99,5.19,99,99,-1.65,99,99,99,99,99,99,99,99,99,99,3.93,99,99,99,99,99,99,99,99,99,99,99,99,99,99,99,99,-6.12,99,99
35,99,99,99,99,4.37,99,6.21,-3.16,99,99,99,99,-3.11,99,3.11,-1.55,3.54,2.38,2.38,3.59,8.2,99,99,99,99,8.2,8.2,5.63,8.69,99,7.57,7.09,99,99,7.91,8.2,99,99,8.06,99,3.2,99,99,99,5.63,99,99,8.69,99,8.45,99,99,9.03,99,99,8.25,99,99,99,99,8.74,8.64,99,99,7.57,8.11,99,8.3,8.06,99,99,99,6.12,7.09,99,99,99,99,99,99,99,99,99,99,99,99,99,99,99,99,99,99,5.68,99,99,99,99,99,99,99
20,99,99,99,99,-1.8,99,-2.43,-2.67,99,99,99,99,-1.26,99,-1.21,-7.72,-3.88,-7.52,-7.23,-7.23,-5.58,99,99,99,99,99,99,99,-3.11,99,99,99,99,99,99,99,99,99,99,-6.5,99,-3.35,99,99,99,99,99,99,99,99,99,99,-2.77,99,99,99,99,99,99,-6.26,99,99,99,99,99,99,99,0.19,99,99,99,99,99,99,99,99,-3.01,99,99,99,99,99,99,99,99,-2.48,99,-7.18,99,99,99,99,99,99,99,99,99,99,99,99
16,99,99,99,99,-1.75,99,6.6,2.33,99,99,99,99,-5.73,99,-6.12,-9.22,-1.36,-3.54,1.26,2.48,99,99,99,99,99,99,99,99,3.35,99,99,99,99,99,99,1.99,99,99,99,99,99,99,99,99,99,99,99,99,99,99,99,99,4.9,99,99,99,99,99,99,99,99,99,99,99,99,99,99,99,99,99,99,99,99,99,99,99,99,99,99,99,99,99,99,99,99,99,99,99,4.51,99,99,99,99,0.24,99,99,99,99,-1.41,99
16,99,99,99,99,2.86,99,-0.58,0.87,99,99,99,99,1.5,99,1.07,0.73,-0.34,4.81,4.76,4.71,99,99,99,99,99,99,99,99,99,99,99,5.05,99,99,99,99,99,99,99,2.91,99,99,99,99,99,99,6.65,99,99,6.65,99,99,99,99,99,4.95,99,99,99,99,99,99,99,99,99,99,99,99,99,99,99,99,99,99,99,99,99,99,99,4.71,99,99,99,99,99,99,99,99,99,99,99,99,99,99,99,99,99,99,99,99
23,99,99,99,99,4.81,99,3.16,-6.12,99,99,99,99,-8.69,99,-6.65,-4.22,-2.91,3.25,-9.81,-7.62,99,99,99,99,99,99,5.63,99,-0.15,99,99,5.1,99,99,3.93,1.26,-2.77,99,7.48,99,99,99,99,99,99,99,99,-3.74,99,0.19,99,1.26,99,99,99,99,99,99,99,99,99,-4.03,99,99,99,99,99,99,99,99,99,99,99,99,99,99,99,99,99,99,99,99,99,99,99,99,99,4.32,4.17,99,99,99,99,99,99,99,99,99,99,99
21,99,99,99,99,7.14,99,6.94,8.01,99,99,99,99,-9.17,99,-8.64,8.4,-0.83,5.49,4.9,6.89,99,99,99,99,99,99,5.53,99,99,99,99,7.23,99,99,3.93,99,99,99,99,99,99,99,99,99,99,1.7,-9.9,3.64,7.04,99,99,99,99,99,99,99,99,99,99,99,99,-7.67,99,99,99,99,99,99,99,99,99,99,99,99,99,99,99,99,99,99,99,4.08,99,99,99,99,9.03,99,99,99,99,99,-1.07,99,99,99,99,99,99,99
33,0.34,5.68,99,99,-9.22,99,-8.98,2.33,99,99,99,99,-4.56,99,3.45,0.49,2.33,-5.1,-5.1,-8.88,-0.44,99,99,99,99,3.35,8.16,99,0.73,99,99,-5.19,99,6.75,6.21,0.83,99,99,99,99,99,99,2.86,99,99,7.62,99,99,7.57,3.11,99,-4.47,-2.52,99,99,99,99,99,99,99,99,7.57,99,99,8.3,5.05,99,6.75,3.74,99,99,99,99,99,99,99,99,99,99,99,99,99,99,99,99,99,99,0.44,99,99,99,99,99,5.68,99,99,99,99,99,99
25,99,99,99,99,2.18,99,8.69,-0.39,99,99,99,99,-0.19,99,2.48,2.48,-7.67,-1.46,-3.25,3.69,99,99,99,99,99,-5.58,99,99,99,99,99,1.94,99,99,3.01,5.78,99,99,99,99,-6.21,99,99,99,99,99,-0.53,5.83,6.41,4.03,99,99,5.73,99,99,6.07,99,99,99,99,99,3.35,8.54,99,4.9,99,99,99,99,99,99,99,99,99,99,-3.45,99,99,99,99,99,99,99,99,99,99,99,99,99,99,99,99,99,99,99,99,99,99,99,99
34,99,99,99,99,-2.43,99,1.07,0.44,99,99,99,99,-0.49,99,5.53,-0.58,1.84,-2.82,0,-3.88,2.33,99,99,99,99,2.14,0.97,0.34,1.12,0.34,-0.1,2.52,99,99,0.34,-0.34,99,99,99,-3.2,1.65,1.65,99,99,99,99,99,0.24,1.17,2.28,99,99,99,1.17,99,0.34,99,99,99,99,1.17,2.48,99,99,99,99,-0.97,2.09,99,99,99,99,99,99,99,99,99,99,99,99,99,99,99,99,99,99,99,99,99,99,-1.6,0.83,99,99,99,99,99,99,99,99
19,99,99,99,99,6.41,99,1.26,-2.57,99,99,99,99,-2.91,99,2.67,3.11,-6.21,-1.17,-4.61,0.68,99,99,99,99,99,99,2.28,99,99,99,99,-1.75,99,99,99,99,99,3.01,99,99,99,99,99,99,-4.9,-4.85,99,99,99,2.38,99,99,-2.48,99,99,99,99,99,99,99,99,-2.23,99,99,99,99,99,99,99,99,99,99,99,99,99,99,99,99,99,99,99,99,99,99,99,99,99,99,99,99,99,-5.39,99,99,99,99,99,99,99,99
28,99,99,99,99,4.17,99,-7.14,-0.92,99,99,99,99,-9.22,99,-8.45,-8.69,6.94,-5.05,8.25,-8.01,4.9,99,99,99,99,99,7.86,-7.04,6.99,99,99,3.93,99,99,7.18,-2.62,99,99,99,99,99,99,-5.83,99,99,99,99,99,-4.22,7.43,99,99,9.17,99,99,99,99,99,99,99,99,99,99,99,-1.94,0.19,99,-1.26,4.32,99,99,99,99,99,99,99,99,99,99,99,99,99,99,99,99,99,99,99,5.39,99,6.41,99,99,99,99,99,99,99,-7.14,99
19,99,99,99,99,7.28,99,6.31,-0.29,99,99,99,99,-0.29,99,-0.29,2.04,6.89,3.2,7.09,7.28,99,99,99,99,99,99,99,99,99,99,7.28,99,99,99,99,7.28,99,99,99,99,99,99,99,99,99,99,99,99,2.62,6.31,99,99,99,99,99,99,99,99,99,99,99,4.17,99,99,99,99,99,5.73,99,99,99,99,99,0.29,99,99,99,99,99,99,99,99,99,99,99,2.62,99,99,99,99,99,99,99,5.73,99,99,99,99,99,99
17,99,99,99,99,4.9,99,-6.84,-3.16,99,99,99,99,-0.73,99,0.05,5.49,-8.54,5.19,5.39,-0.83,99,99,99,99,99,99,99,99,99,99,99,-6.07,99,99,99,99,99,99,99,99,6.41,99,-6.55,99,99,99,99,99,99,99,99,99,-7.82,99,99,99,99,99,99,99,99,99,99,99,99,-7.62,99,99,99,4.76,99,99,99,99,99,99,99,99,99,99,99,99,99,99,99,-9.08,99,99,99,99,99,99,99,99,99,99,99,99,99,99
33,99,4.81,99,99,1.5,99,3.25,0.15,99,99,99,99,2.38,99,1.55,-4.03,1.84,1.94,1.7,-1.21,6.41,99,99,99,99,99,6.94,99,3.16,99,99,8.06,99,99,3.3,2.77,99,99,99,99,99,3.74,99,99,99,99,5.05,4.37,99,3.79,99,99,5.19,99,99,6.26,99,99,2.77,2.18,99,5,99,99,4.27,5.05,99,3.4,2.57,99,99,3.54,99,99,99,99,99,99,99,99,99,99,99,99,99,99,2.38,99,99,99,99,99,3.35,99,99,99,99,99,99,99
16,99,99,99,99,3.59,99,6.36,-1.89,99,99,99,99,0.15,99,0.24,-4.71,2.72,3.45,-0.1,3.35,99,99,99,99,99,99,99,99,99,99,99,99,99,99,99,99,99,99,5.39,1.5,99,99,99,99,99,6.84,99,99,99,6.7,99,99,99,99,99,99,99,99,99,99,99,99,99,99,99,99,99,99,99,99,99,99,99,99,5.44,99,99,99,99,99,99,99,99,99,99,99,99,99,99,99,5.92,99,99,99,99,99,99,99,99,99
17,99,99,99,99,0.87,99,1.02,2.09,99,99,99,99,3.59,99,-1.31,-3.06,1.84,1.41,2.82,3.88,99,99,99,99,99,99,99,99,99,99,99,99,99,99,99,99,99,99,99,99,99,2.86,99,99,99,99,99,99,99,2.04,99,99,99,99,99,99,99,99,99,99,99,99,99,-0.39,99,99,99,3.5,99,-5.78,99,99,0.39,99,99,99,99,99,99,99,99,99,99,99,99,99,99,99,99,99,99,99,99,99,5.53,99,99,99,99,99
19,99,99,99,99,0.44,99,2.18,-8.59,99,99,99,99,4.76,99,-6.07,-7.23,0.63,-0.34,5.34,-1.46,99,99,99,99,99,99,4.27,99,3.45,99,99,99,99,99,3.64,99,99,99,99,99,99,99,99,99,99,99,99,99,99,4.22,99,99,99,99,99,99,1.36,99,99,99,5.29,99,99,-3.93,99,99,99,99,99,99,99,99,2.18,99,99,99,99,99,99,99,99,99,99,99,99,99,99,99,99,99,99,99,99,99,99,99,3.3,99,99,99
28,99,99,99,99,0.97,99,0.1,-2.18,99,99,99,99,2.52,99,-1.8,-2.14,-5.83,0.1,4.32,-1.36,5.92,99,99,99,99,5.78,99,99,3.16,99,99,5.39,99,99,2.82,5.39,99,99,99,2.86,99,99,99,99,99,99,99,99,7.04,5.29,99,99,4.17,3.98,99,99,0.63,99,99,1.5,99,5.63,99,99,99,3.88,99,0.49,99,99,99,99,99,99,99,99,99,99,99,99,4.37,99,99,99,99,99,99,99,99,99,99,99,0.15,99,99,99,99,99,99,99
25,99,99,99,99,5.87,99,2.38,0.39,99,99,99,99,-3.25,99,-1.5,3.5,3.74,0.87,0.34,1.17,99,99,99,99,99,4.37,2.91,99,99,99,99,4.71,99,99,3.3,3.79,99,99,99,99,99,99,99,99,99,99,99,5.1,4.9,3.01,99,99,5.39,99,99,3.88,99,99,99,99,3.25,2.33,3.01,99,3.54,99,99,99,99,3.74,99,99,99,99,99,99,99,99,99,99,99,99,99,99,99,99,99,99,99,99,99,99,99,99,99,99,99,99,99,99
17,99,99,99,99,-0.68,99,-0.39,-0.34,99,99,99,99,-8.98,99,-9.61,-0.73,1.46,8.79,-6.07,-9.17,99,99,99,99,99,99,5.97,99,-9.03,99,99,99,99,99,99,99,99,99,99,99,-9.22,99,99,99,99,99,99,99,99,99,99,99,99,99,99,99,99,-8.93,99,99,99,99,99,99,99,99,99,99,99,99,99,99,99,99,99,99,99,99,99,8.25,99,99,99,-9.37,99,99,99,99,99,99,99,99,99,99,99,99,-8.93,99,99,99
29,99,99,99,99,3.45,99,-6.99,3.5,99,99,99,99,-1.26,99,-9.76,-9.85,-3.35,-9.9,-9.85,-8.69,9.22,99,99,99,99,99,5.24,-0.68,9.37,99,99,1.99,99,2.14,9.37,8.93,99,-0.83,99,99,99,4.27,99,99,99,99,99,99,9.32,5.87,99,99,9.37,99,99,7.86,99,99,99,99,99,4.22,99,99,99,99,99,3.93,8.06,99,99,99,99,99,99,99,99,99,99,99,99,99,99,99,99,99,9.32,99,99,99,99,99,99,99,99,0.44,99,99,99,99
31,99,99,99,99,-7.43,99,1.41,-2.96,99,99,99,99,-8.16,99,2.38,-8.01,-0.63,3.98,4.27,-5.15,99,99,99,99,99,99,-2.09,99,3.88,99,0.49,5.24,99,99,-1.12,0.97,99,99,99,99,99,99,99,-6.12,99,99,0.44,-2.77,-2.72,1.26,99,99,1.26,99,99,0.83,99,-3.98,99,99,99,-1.31,99,99,-3.11,-2.82,99,1.5,-2.43,99,99,99,99,99,99,99,99,99,99,99,-0.92,99,-6.65,99,99,99,99,99,99,99,99,99,99,99,99,99,99,99,99,99
20,99,99,99,99,-8.59,99,-9.56,-4.27,99,99,99,99,-9.47,99,-9.03,-9.37,-2.43,-9.76,3.88,-8.88,-0.39,99,99,99,99,99,3.98,99,3.64,99,99,99,99,99,99,99,99,99,99,99,-9.08,-0.83,99,-9.66,99,99,99,99,99,99,99,99,-0.68,99,99,99,99,99,99,99,99,99,99,99,99,99,-8.83,-9.56,99,99,99,99,99,99,99,99,99,99,99,99,99,99,99,99,99,99,99,99,99,99,99,99,0.58,99,99,99,99,99,99,99
30,99,99,99,99,6.5,99,8.69,-1.21,99,99,99,99,-5.83,99,6.7,2.04,-0.53,1.46,2.09,9.03,8.45,99,99,99,99,99,5.49,7.72,8.79,99,99,7.18,99,99,6.12,8.83,99,99,9.32,9.22,99,99,-0.19,99,99,99,99,6.5,8.83,9.32,99,99,5.68,99,99,99,99,99,99,99,99,6.7,99,99,8.35,99,99,2.91,99,99,99,99,99,99,99,99,99,99,99,9.27,99,99,99,99,99,99,99,99,99,99,99,7.72,99,99,99,0.05,99,99,99,99
18,99,99,99,99,-2.38,99,0.68,-5.29,99,99,99,99,-4.47,99,-7.86,4.95,-3.64,-0.53,-0.1,-3.01,99,99,99,99,99,99,3.3,99,99,99,99,99,99,99,99,2.62,99,99,99,99,99,99,99,99,99,99,99,99,5.44,1.36,99,99,-0.1,-2.52,99,99,99,99,99,99,99,99,99,99,99,2.14,99,99,99,99,99,99,99,99,99,99,99,99,99,99,99,99,99,99,2.18,99,99,99,99,99,99,99,99,99,99,99,99,99,99,99
17,99,99,99,99,-3.5,99,-9.51,-4.66,99,99,99,99,-3.83,99,3.98,-9.76,-9.9,-6.26,1.02,-8.45,99,99,99,99,99,99,99,99,7.38,99,99,99,99,99,99,99,99,99,99,99,99,-8.5,99,99,99,99,99,99,-1.55,99,99,99,2.62,99,99,-9.08,99,99,99,-0.15,99,99,99,99,99,1.89,99,99,99,99,99,99,99,99,99,99,99,99,99,99,99,99,99,99,99,99,99,99,99,99,99,99,99,99,99,99,99,99,99,99
33,99,99,99,99,-0.78,99,2.77,-3.79,99,99,99,99,7.57,99,-1.36,-8.45,-1.12,-4.47,2.57,-1.02,7.72,99,99,99,99,0.15,-0.53,99,6.89,99,4.22,8.88,99,99,4.56,5.97,99,-0.68,99,-1.31,99,99,99,99,99,99,99,99,-0.34,8.35,1.6,99,1.31,99,99,6.5,99,99,99,99,6.31,8.25,99,99,-0.53,8.35,99,99,1.12,99,99,-0.29,99,99,99,4.47,99,99,99,99,99,99,99,99,99,99,99,99,99,99,99,99,6.17,99,99,99,99,99,99,99
23,2.28,5.1,99,99,-7.77,99,4.27,-2.38,99,99,99,99,3.79,99,-8.3,-7.77,-5.24,0.15,-5.44,-9.17,0.78,3.98,99,99,99,99,99,-5.39,-0.63,99,99,99,99,99,99,4.03,99,99,99,6.21,99,99,99,99,99,99,99,99,99,5.83,99,99,99,99,99,99,99,99,99,99,99,99,99,-8.45,-0.49,99,-5.44,99,99,99,99,99,99,99,99,99,99,99,99,99,99,99,-8.01,99,99,99,99,99,99,99,99,99,99,99,99,99,99,99,99,99
17,99,99,99,99,-9.17,99,0.05,-7.14,99,99,99,99,-9.95,99,-2.72,-9.76,5.34,-9.56,-9.37,-9.27,99,99,99,99,99,99,99,99,-1.36,99,99,99,99,99,99,99,99,99,99,99,99,99,-6.6,99,99,99,99,99,99,1.02,99,2.43,99,99,99,99,99,99,99,99,99,99,99,99,99,99,99,99,-9.27,99,99,99,99,99,99,99,99,99,99,99,-9.37,99,99,99,99,-8.98,99,99,99,99,99,99,99,99,99,99,99,99,99,99
32,-0.73,0.83,99,99,-9.27,99,2.62,-0.15,99,99,99,99,-6.41,99,-4.37,0.44,-9.61,-0.44,-9.61,-9.9,-8.5,99,99,99,99,-3.79,-8.01,99,7.04,99,99,99,99,-2.14,-4.47,-5.34,99,99,99,99,99,99,99,99,99,0.83,99,99,-7.18,1.8,99,99,-3.45,99,99,99,99,99,99,99,99,-5.92,99,99,1.02,-8.35,99,-8.64,-2.09,-9.76,99,99,99,99,99,-9.22,99,99,99,99,99,99,-9.13,99,99,99,99,99,99,99,99,99,99,8.16,99,99,99,99,99,99
20,99,99,99,99,2.48,99,8.45,4.47,99,99,99,99,-9.71,99,-9.61,-0.68,-9.27,0.68,-9.95,-9.81,99,99,99,99,99,99,6.65,99,99,99,99,99,99,99,99,-0.39,99,99,99,99,99,99,99,99,99,99,99,99,7.52,1.26,99,99,99,99,99,99,99,99,99,99,99,6.84,99,99,99,99,99,99,99,99,99,99,99,99,99,-9.47,99,99,99,1.89,99,99,99,1.89,99,99,-6.46,-0.53,99,99,99,99,99,99,99,99,99,99,99,99
17,99,99,99,99,-0.63,99,2.52,-5.68,99,99,99,99,3.64,99,-6.55,-9.42,-7.04,0.24,-8.45,-3.79,99,99,99,99,99,99,-1.94,99,1.31,99,99,99,99,99,99,99,99,99,99,99,99,99,99,99,99,99,0.58,99,99,99,0.19,99,99,-8.4,99,99,99,99,99,99,2.33,99,99,99,99,99,99,99,99,99,99,99,99,99,99,99,99,99,99,99,99,0.73,99,99,99,99,99,99,99,99,99,99,99,99,99,99,99,99,99,99
23,99,99,99,99,6.31,99,4.37,1.65,99,99,99,99,-1.26,99,-9.42,-9.42,-1.26,3.4,1.07,-9.61,99,99,99,99,99,99,99,99,6.12,99,99,0.1,99,99,2.04,5.73,99,99,99,99,99,99,99,99,99,99,99,-0.29,99,-5.53,99,99,99,99,99,99,99,-9.61,99,99,99,3.2,-9.22,99,99,-4.76,99,99,4.37,2.62,99,99,99,99,99,99,99,99,99,99,99,99,99,99,99,-9.81,99,99,99,99,99,99,99,99,99,99,99,99,99,99
29,99,-6.84,99,99,-2.96,99,-0.63,-3.35,99,1.89,99,99,4.47,99,-4.42,4.27,3.06,5.29,1.12,3.54,99,99,99,99,99,-0.87,-0.73,99,-0.05,99,99,5.15,99,99,1.31,1.94,-1.84,99,99,99,99,99,99,99,99,2.82,99,99,99,2.04,99,99,0.63,99,99,99,99,99,99,99,3.11,4.13,99,99,99,99,99,-0.87,99,99,99,99,99,99,99,99,99,2.14,99,99,2.77,99,-0.34,-0.19,99,99,99,99,99,99,99,99,99,99,99,99,99,99,99,99
26,99,99,99,99,4.47,99,2.86,-0.53,99,99,99,99,-7.86,99,2.33,-6.5,1.75,4.85,5.24,-9.95,99,99,99,99,99,99,9.37,99,9.32,99,99,9.37,99,99,9.37,9.37,99,99,99,7.82,99,99,99,-3.83,99,99,99,99,99,6.84,99,99,8.93,99,99,99,99,99,99,99,99,9.13,99,99,9.37,9.37,99,7.91,9.37,99,99,99,99,99,99,99,99,99,99,8.83,99,99,99,7.57,99,99,99,99,99,99,99,99,99,99,99,99,99,99,99,99
21,99,99,99,99,0.19,99,1.02,-2.33,99,99,99,99,3.98,99,-1.26,-4.13,-7.14,3.25,2.91,3.79,99,99,99,99,99,99,3.59,99,4.51,99,99,5.15,99,99,7.72,2.09,99,99,99,99,99,99,99,99,99,99,3.2,99,99,0.87,99,99,99,99,99,99,99,99,99,99,99,99,99,99,99,99,3.2,99,4.22,99,99,99,99,99,99,99,99,4.42,99,99,99,99,99,99,99,99,99,99,99,99,99,99,99,4.27,99,99,99,99,99,99
29,-2.43,-7.48,99,99,-8.2,99,-7.28,-0.83,99,99,99,99,-0.83,99,2.48,-7.72,-2.14,-6.8,-0.58,-7.72,99,99,99,99,99,-6.94,1.07,99,-6.84,99,99,99,99,-7.48,-2.77,-7.04,99,99,99,99,99,99,99,99,99,99,99,-6.6,99,4.95,99,99,-0.63,99,99,99,99,99,99,99,99,-0.05,99,99,-6.94,-0.53,99,5.58,-0.24,99,99,99,1.41,99,99,99,99,99,99,99,-6.89,99,99,99,99,99,99,99,99,-1.17,99,99,99,99,99,99,99,99,99,99
30,99,99,99,99,-0.63,99,-7.77,1.89,99,99,99,99,-0.68,99,-2.96,-0.97,-4.27,-1.02,5.05,0.83,8.74,99,99,99,99,99,4.61,99,6.21,99,3.69,4.51,99,99,3.01,7.86,99,99,99,99,99,99,99,99,99,99,99,4.95,2.91,7.38,99,99,2.96,2.48,3.98,-0.83,99,99,99,99,-8.59,0.15,99,99,-6.84,1.55,99,0.63,99,99,99,99,2.23,99,99,99,99,99,99,99,99,99,99,99,99,99,99,99,99,99,99,99,99,99,99,99,99,99,99,99
20,99,99,99,99,-9.56,99,-1.6,-4.95,99,99,99,99,-9.61,99,0.44,-9.81,-5.58,0.05,-4.47,-2.86,99,99,99,99,99,6.6,99,99,4.37,99,99,99,99,99,99,4.85,99,99,3.25,99,99,99,99,99,99,99,-0.1,99,99,6.46,99,99,99,99,99,99,99,99,99,99,99,-3.69,99,99,99,99,99,7.04,99,99,99,99,99,99,99,99,99,99,99,99,99,99,99,99,99,-4.22,99,99,99,99,99,99,99,99,99,99,3.74,99,99,99
31,99,99,99,99,0.92,99,6.46,-6.31,99,99,99,99,-6.31,99,-1.17,3.69,4.17,1.75,-0.58,1.07,6.07,99,99,99,99,-8.2,99,99,-5.58,99,99,1.31,-0.49,99,99,8.16,99,99,99,99,99,-5.73,99,99,99,99,99,-4.71,5.83,6.02,99,2.18,0.29,99,99,-7.96,99,99,99,-2.77,99,7.96,5.63,99,99,99,99,-0.1,-0.49,99,99,99,99,99,99,99,99,99,99,99,8.35,99,99,99,99,99,99,99,99,99,99,99,99,8.4,99,99,99,2.48,99,99
33,99,99,99,99,0.39,99,-2.43,-9.95,99,99,99,99,-4.56,99,-9.85,-9.71,-1.41,1.65,6.65,-0.73,6.21,99,99,99,7.82,99,4.51,99,8.83,99,7.48,9.17,99,99,9.17,3.16,99,99,99,99,99,99,1.99,99,99,-3.93,99,4.56,9.13,6.94,99,99,8.98,99,99,8.4,99,5.24,99,99,99,9.13,99,99,8.79,7.62,99,9.13,-1.55,99,99,99,99,99,99,99,99,99,99,99,4.51,99,99,99,99,99,99,99,99,99,99,99,99,99,99,99,99,99,3.79,99
21,99,99,99,99,3.01,99,-0.53,-4.51,99,99,99,99,-7.57,99,-0.44,-0.87,6.5,1.89,4.42,0.68,99,99,99,99,99,99,3.64,-0.83,99,99,99,99,99,99,99,99,99,99,99,99,99,99,4.47,99,1.5,99,99,99,99,6.5,99,99,5.87,99,5.73,99,99,99,99,99,7.91,-0.73,99,99,99,99,99,1.55,99,99,99,99,99,0.15,99,99,99,99,99,99,99,99,99,99,99,99,99,99,99,99,99,99,99,99,99,99,99,99,99,99
28,99,99,99,99,8.16,99,-1.26,-3.16,99,99,99,99,6.41,99,-4.22,8.88,-7.14,0.58,-1.26,-1.26,2.33,99,99,99,99,99,6.17,-7.23,7.62,99,99,5.58,99,99,5.83,-4.51,99,99,99,99,99,99,99,99,99,99,-8.5,99,8.2,8.5,99,99,7.77,99,99,99,99,99,99,99,2.43,-7.33,99,99,99,5.58,99,1.5,99,99,99,99,99,99,99,99,99,99,99,99,99,99,4.81,99,99,99,99,99,6.36,99,99,99,99,99,99,99,99,99,-8.16,99
16,99,99,99,99,8.5,99,5.34,2.77,99,99,99,99,-1.99,99,-4.37,-4.61,2.77,-5.73,3.11,8.11,99,99,99,99,99,99,99,99,99,99,99,99,99,99,99,99,99,99,99,3.59,99,99,99,99,99,99,99,99,99,5.44,8.11,8.11,99,99,99,99,99,99,99,99,99,99,99,99,99,99,99,99,99,99,99,99,99,99,99,99,99,99,99,99,99,99,99,99,8.93,99,99,99,99,99,99,99,99,99,99,99,3.4,99,99,99
16,99,99,99,99,-8.01,99,2.23,-3.93,99,99,99,99,-7.33,99,-5.92,-0.87,1.41,3.64,-0.1,6.02,99,99,99,99,99,99,99,99,2.91,99,99,99,99,99,99,99,99,4.32,99,99,99,99,99,99,99,99,99,99,99,99,3.74,99,99,99,99,99,99,99,99,99,99,99,99,99,99,99,99,99,99,99,99,99,99,99,99,99,1.26,99,99,99,99,0.53,99,-6.02,99,99,99,99,99,99,99,99,99,99,99,99,99,99,99,99
18,99,99,99,99,8.93,99,4.51,7.67,99,99,99,99,6.31,99,0.97,3.64,5.19,2.86,-9.76,9.27,99,99,99,99,99,99,99,99,8.98,99,99,99,99,99,99,99,99,99,8.74,99,99,99,99,99,99,99,99,99,8.88,8.93,99,99,99,99,99,99,99,99,99,99,99,99,99,99,99,9.22,99,99,8.74,99,99,99,99,8.98,99,99,9.13,99,99,99,99,99,99,99,99,99,99,99,99,99,99,99,99,99,99,99,99,99,99,99
22,99,99,99,99,8.11,99,8.54,-7.33,99,99,99,99,-7.86,99,-7.33,8.83,8.11,5.05,8.11,-5.97,99,99,99,99,99,99,8.98,99,8.06,99,99,9.03,99,99,8.01,99,99,99,99,99,99,99,99,99,99,99,99,-9.81,7.14,99,99,99,6.46,99,99,99,99,99,99,99,99,0,9.17,99,99,99,99,6.7,99,99,99,6.89,99,99,99,99,99,99,99,99,99,99,99,99,99,99,99,99,99,99,99,99,99,8.35,99,99,99,99,99,99
30,99,99,99,99,6.75,99,-7.77,4.37,99,99,99,2.28,-2.82,1.21,-8.3,5.78,-2.91,0.29,6.65,0.44,8.2,99,99,99,99,99,8.64,7.91,99,99,99,-2.28,99,99,8.35,7.48,99,99,99,99,99,7.72,99,99,99,99,99,99,5.92,-0.1,99,99,1.6,99,99,99,99,99,99,99,1.7,8.74,99,99,7.18,5.53,99,8.3,6.36,99,99,99,99,99,99,99,99,99,99,6.12,8.3,99,99,99,99,99,99,99,99,99,99,99,99,99,99,99,99,99,99,99
16,99,99,99,99,-2.09,99,-7.04,-6.36,99,99,99,99,-6.65,99,-6.5,0,-7.82,-4.37,-7.14,-6.99,99,99,99,99,99,99,99,99,1.12,99,99,99,99,99,99,99,99,99,99,99,99,99,99,99,99,99,99,99,99,99,-4.51,99,-0.29,99,99,99,99,99,99,99,99,99,99,99,99,99,99,99,99,99,99,99,99,99,99,99,99,99,99,99,99,99,99,99,-4.9,99,99,1.46,99,99,99,99,99,99,99,99,99,99,-5.63,99
27,99,99,99,99,4.22,99,-3.25,-6.02,99,99,99,99,3.2,99,3.2,4.22,-1.21,6.99,-3.25,-3.25,99,99,99,99,99,99,99,4.51,99,99,2.33,99,99,2.82,99,4.51,99,2.91,99,99,99,99,99,99,99,99,99,4.51,3.69,4.51,99,99,99,2.91,2.91,99,99,99,99,-1.36,99,7.04,99,4.51,99,5.49,99,99,-0.39,99,99,99,99,99,-1.36,99,99,99,99,99,99,99,99,99,99,99,99,99,99,99,99,99,99,99,99,99,99,99,-3.35,99
16,99,99,99,99,-9.13,99,-6.07,-9.37,99,99,99,99,-8.93,99,-9.03,-9.37,-8.06,0.58,4.51,-5.49,99,99,99,99,99,99,99,99,8.74,99,99,99,99,99,99,99,99,99,99,99,99,99,99,99,99,99,99,99,99,99,99,-5.24,99,99,99,99,99,99,99,99,99,99,99,99,99,99,99,99,99,99,99,99,99,99,99,99,3.74,-3.64,99,99,99,99,99,99,99,99,99,99,99,99,99,99,99,99,99,99,6.99,99,5.49,99
26,99,99,99,99,8.79,99,7.38,0.15,99,99,7.91,99,5.39,99,4.81,-6.65,6.7,6.5,7.18,3.4,99,99,99,99,99,99,99,99,9.08,99,99,99,99,99,7.57,8.35,99,99,99,99,99,7.62,99,99,99,7.52,99,99,8.16,7.77,99,99,99,99,7.86,99,99,99,8.06,99,-8.59,8.25,99,99,99,8.69,99,99,8.2,7.48,99,99,99,99,99,99,99,99,99,99,99,99,99,99,99,99,99,6.75,99,99,99,99,99,99,99,99,99,99,99,99
21,99,99,99,99,2.43,99,0.29,-2.48,99,99,99,99,1.5,99,1.5,-2.52,-6.65,7.86,4.9,8.54,99,99,99,99,99,7.43,8.93,99,5.1,99,99,99,99,99,8.98,6.5,99,99,99,99,99,99,99,99,99,8.98,99,99,1.36,99,99,99,99,99,99,99,99,99,99,99,7.18,99,99,99,99,99,99,99,99,99,-2.91,99,99,99,99,99,99,99,99,4.37,99,99,99,99,99,99,99,99,99,99,99,99,99,1.21,99,99,99,99,99,99
22,99,99,99,99,3.88,99,-4.66,4.85,99,99,99,99,4.27,99,-4.9,0.44,2.57,-1.26,-1.26,-4.66,99,99,99,99,99,99,2.14,99,99,99,99,2.57,99,99,3.06,99,-6.02,99,99,99,99,99,99,99,99,99,99,99,99,5.68,99,99,2.09,4.17,99,99,99,99,99,99,99,3.83,99,99,99,99,99,-0.58,99,99,99,99,99,99,99,99,99,99,99,99,99,99,99,99,99,-4.66,4.9,99,99,99,99,99,99,99,-2.28,99,99,99,99,99
26,99,99,99,99,-0.15,99,-0.24,9.03,99,99,99,99,9.03,99,9.03,-0.15,-0.1,-0.24,-0.24,-0.24,99,99,99,99,99,99,-0.29,99,5.97,99,99,7.23,99,99,99,99,99,-0.19,99,99,99,99,99,99,99,99,99,99,8.25,-0.19,99,99,99,8.11,99,99,99,99,99,6.12,5.97,8.59,99,99,1.17,6.17,99,-2.14,-0.39,99,99,99,99,99,99,99,99,99,99,99,99,99,99,99,99,99,99,99,99,99,99,99,-0.19,99,99,99,99,-0.19,99,99
25,99,99,99,99,-5.29,99,1.99,-5.53,99,99,99,99,-5.87,99,0.92,-6.12,-6.84,3.54,1.75,5.19,99,99,99,99,99,99,3.2,99,2.18,99,99,5.63,99,99,1.89,5.73,99,99,99,99,99,99,99,99,99,99,2.57,4.56,99,4.85,99,99,99,3.59,99,99,99,99,99,99,99,99,99,99,99,0.05,99,7.43,99,99,99,99,0.73,99,99,99,99,99,99,99,99,99,-7.67,99,99,99,99,99,3.35,99,99,99,99,99,99,99,99,5.53,99,99
